Format_name,Value (numeric code),Value label
unisub,1,arizona_state_university - r/arizona_state_university
,2,auburn_university - r/auburn_university
,3,binghamton_university - r/binghamton_university
,4,boston_university - r/boston_university
,5,broward_college - r/broward_college
,6,brown_university - r/brown_university
,7,california_polytechnic_state_university_-_pomona - r/california_polytechnic_state_university_-_pomona
,8,california_polytechnic_state_university - r/california_polytechnic_state_university
,9,california_state_university_-_fullerton - r/california_state_university_-_fullerton
,10,california_state_university_-_long_beach - r/california_state_university_-_long_beach
,11,california_state_university_-_sacramento - r/california_state_university_-_sacramento
,12,carleton_university - r/carleton_university
,13,carnegie_mellon_university - r/carnegie_mellon_university
,14,city_university_of_new_york - r/city_university_of_new_york
,15,clemson_university - r/clemson_university
,16,columbia_university - r/columbia_university
,17,cornell_university - r/cornell_university
,18,drexel_university - r/drexel_university
,19,duke_university - r/duke_university
,20,florida_state_university - r/florida_state_university
,21,george_mason_university - r/george_mason_university
,22,georgia_institute_of_technology - r/georgia_institute_of_technology
,23,georgia_state_university - r/georgia_state_university
,24,harvard_university - r/harvard_university
,25,indiana_university - r/indiana_university
,26,iowa_state_university - r/iowa_state_university
,27,johns_hopkins_university - r/johns_hopkins_university
,28,kennesaw_state_university - r/kennesaw_state_university
,29,louisiana_state_university - r/louisiana_state_university
,30,massachusetts_institute_of_technology - r/massachusetts_institute_of_technology
,31,mcmaster_university - r/mcmaster_university
,32,michigan_state_university - r/michigan_state_university
,33,new_york_university_-_nyu - r/new_york_university_-_nyu
,34,northeastern_university - r/northeastern_university
,35,northwestern_university - r/northwestern_university
,36,north_carolina_state_university - r/north_carolina_state_university
,37,ohio_state_university - r/ohio_state_university
,38,oregon_state_university - r/oregon_state_university
,39,penn_state_university - r/penn_state_university
,40,purdue_university - r/purdue_university
,41,queens_university - r/queens_university
,42,rensselaer_polytechnic_institute - r/rensselaer_polytechnic_institute
,43,rochester_institute_of_technology - r/rochester_institute_of_technology
,44,rutgers_university - r/rutgers_university
,45,san_diego_state_university - r/san_diego_state_university
,46,san_jose_state_university - r/san_jose_state_university
,47,simon_fraser_university - r/simon_fraser_university
,48,stanford_university - r/stanford_university
,49,stony_brook_university_-_suny - r/stony_brook_university_-_suny
,50,temple_university - r/temple_university
,51,texas_am - r/texas_am
,52,texas_state_university - r/texas_state_university
,53,texas_tech_university - r/texas_tech_university
,54,university_at_buffalo_-_suny - r/university_at_buffalo_-_suny
,55,university_of_alberta - r/university_of_alberta
,56,university_of_arizona - r/university_of_arizona
,57,university_of_british_columbia - r/university_of_british_columbia
,58,university_of_calgary - r/university_of_calgary
,59,university_of_california_-_berkeley - r/university_of_california_-_berkeley
,60,university_of_california_-_davis - r/university_of_california_-_davis
,61,university_of_california_-_irvine - r/university_of_california_-_irvine
,62,university_of_california_-_los_angeles - r/university_of_california_-_los_angeles
,63,university_of_california_-_riverside - r/university_of_california_-_riverside
,64,university_of_california_-_santa_barbara - r/university_of_california_-_santa_barbara
,65,university_of_california_-_santa_cruz - r/university_of_california_-_santa_cruz
,66,university_of_california_-_san_diego - r/university_of_california_-_san_diego
,67,university_of_central_florida - r/university_of_central_florida
,68,university_of_chicago - r/university_of_chicago
,69,university_of_colorado_-_boulder - r/university_of_colorado_-_boulder
,70,university_of_connecticut - r/university_of_connecticut
,71,university_of_florida - r/university_of_florida
,72,university_of_georgia - r/university_of_georgia
,73,university_of_guelph - r/university_of_guelph
,74,university_of_houston - r/university_of_houston
,75,university_of_illinois_at_chicago - r/university_of_illinois_at_chicago
,76,university_of_illinois_at_urbana-champaign - r/university_of_illinois_at_urbana-champaign
,77,university_of_manitoba - r/university_of_manitoba
,78,university_of_maryland - r/university_of_maryland
,79,university_of_massachusetts-amherst - r/university_of_massachusetts-amherst
,80,university_of_michigan - r/university_of_michigan
,81,university_of_minnesota - r/university_of_minnesota
,82,university_of_nevada_las_vegas - r/university_of_nevada_las_vegas
,83,university_of_north_carolina_charlotte - r/university_of_north_carolina_charlotte
,84,university_of_north_texas - r/university_of_north_texas
,85,university_of_notre_dame - r/university_of_notre_dame
,86,university_of_oklahoma - r/university_of_oklahoma
,87,university_of_ottawa - r/university_of_ottawa
,88,university_of_pennsylvania - r/university_of_pennsylvania
,89,university_of_pittsburgh - r/university_of_pittsburgh
,90,university_of_southern_california - r/university_of_southern_california
,91,university_of_south_carolina - r/university_of_south_carolina
,92,university_of_south_florida - r/university_of_south_florida
,93,university_of_tennessee_-_knoxville - r/university_of_tennessee_-_knoxville
,94,university_of_texas_-_austin - r/university_of_texas_-_austin
,95,university_of_texas_-_dallas - r/university_of_texas_-_dallas
,96,university_of_texas_-_san_antonio - r/university_of_texas_-_san_antonio
psample,"[1, 35036]",see sheet 2
